method,accuracy
random,0.19292917021018102
most_popular,0.27991738549386463
unique_words,0.3016644393147856
multinomial_naive_bayes,0.4442959543190378
random_forest_classifier,0.5271534442959543
